month,actual_duration,count_of_appointments
2021-12,1-5 Minutes,4266686
2021-12,11-15 Minutes,3280132
2021-12,16-20 Minutes,2023774
2021-12,21-30 Minutes,1885864
2021-12,31-60 Minutes,1163515
2021-12,6-10 Minutes,4654000
2021-12,Unknown / Data Quality,5579512
2022-01,1-5 Minutes,3975252
2022-01,11-15 Minutes,3537308
2022-01,16-20 Minutes,2242739
2022-01,21-30 Minutes,2125583
2022-01,31-60 Minutes,1310454
2022-01,6-10 Minutes,4778719
2022-01,Unknown / Data Quality,5627141
2022-02,1-5 Minutes,3908364
2022-02,11-15 Minutes,3508227
2022-02,16-20 Minutes,2238822
2022-02,21-30 Minutes,2116476
2022-02,31-60 Minutes,1295696
2022-02,6-10 Minutes,4695914
2022-02,Unknown / Data Quality,5588440
2022-03,1-5 Minutes,4570114
2022-03,11-15 Minutes,4095290
2022-03,16-20 Minutes,2607518
2022-03,21-30 Minutes,2450292
2022-03,31-60 Minutes,1485532
2022-03,6-10 Minutes,5489184
2022-03,Unknown / Data Quality,6472072
2022-04,1-5 Minutes,3714437
2022-04,11-15 Minutes,3297961
2022-04,16-20 Minutes,2095851
2022-04,21-30 Minutes,1958618
2022-04,31-60 Minutes,1177878
2022-04,6-10 Minutes,4422913
2022-04,Unknown / Data Quality,5281156
2022-05,1-5 Minutes,4203478
2022-05,11-15 Minutes,3845162
2022-05,16-20 Minutes,2481613
2022-05,21-30 Minutes,2330326
2022-05,31-60 Minutes,1390177
2022-05,6-10 Minutes,5033645
2022-05,Unknown / Data Quality,6059540
2022-06,1-5 Minutes,3962534
2022-06,11-15 Minutes,3596802
2022-06,16-20 Minutes,2313930
2022-06,21-30 Minutes,2159206
2022-06,31-60 Minutes,1280180
2022-06,6-10 Minutes,4726440
2022-06,Unknown / Data Quality,5676225
