hashtag,count
#healthcare,844
#health,88
#ai,47
#medicine,42
#job,38
#medical,35
#strategy,31
#digitalhealth,31
#pharmaceutical,28
#medtwitter,27
#competitiveintelligence,25
#marketing,25
#biotech,25
#pharma,25
#meded,24
#telehealth,22
#hiring,21
#tipsfornewdocs,21
#covid,21
#vaccine,18
#technology,18
#healthtech,18
#machinelearning,18
#news,17
#medicare,17
#coronavirus,16
#competitivemarketing,16
#womeninmedicine,16
#covid19,15
#tech,15
#wellness,15
#nursing,14
#telemedicine,14
#science,14
#education,14
#doctorofveterinarymedicine,14
#new,13
#mentalhealth,13
#patientcare,13
#foamed,13
